pca_id,group,camphene,alpha_phellandrene,limonene,ocimene,terpinolene,terpinen_four_ol,methyl_salicylate,bornyl_acetate,alpha_humulene,methyl_jasmonate,alpha_pinene,beta_myrcene,alpha_terpinene,beta_phellandrene,fenchone,camphor,alpha_terpineol,eugenol,beta_caryophyllene,trimethyl_trideca,cis_three_hexen_one_ol,sabinene,beta_pinene,p_cymene,eucalyptol,gamma_terpinene,linalool,linalool_oxide,longifolene,beta_farnesene,one_four_cineole,menthol,borneol,citronellol,alpha_copaene
sample_p11_12pm_como_fall_2023,cf12,-1.296031726,-0.979603635,0.319644444,0.426908161,-1.37509637,-0.396360531,-1.138704401,-0.91485425,-1.414610474,-1.410693957,-0.319170483,-0.732358553,-1.21929541,1.012134773,-0.77902887,-1.014381213,-2.469833038,-2.798452775,-1.898497064,-1.859524197,-2.221534869,-0.210333834,-1.008357614,-0.826651405,-1.685013334,-1.224294726,-0.361976796,-2.03079097,-2.122317394,-1.18883237,-1.686053904,-1.436737821,-2.322077665,-2.018023209,-2.037344931
sample_p11_6pm_como_fall_2023,cf6,-1.808887527,-1.721329348,0.089184309,0.193724021,-1.486766403,-0.557482826,-1.120993079,-0.821493762,-1.295146634,-1.349735907,-0.514506824,-0.948683775,-1.436036512,0.778949432,-0.970483536,-1.120288117,-2.486008009,-2.748595446,-1.909176295,-2.129160873,-2.136435394,-0.430060248,-1.036869076,-0.506597796,-1.125695124,-1.498622418,-0.727719252,-2.084284655,-1.64482029,-1.15136484,-1.679410712,-1.004540635,-1.890670816,-1.492094566,-2.644012954
sample_p11_8am_como_fall_2023,cf8,-1.26899615,0.087150927,0.419254189,0.532631127,-1.150632599,-1.634601481,-0.956669665,-1.021084443,-1.677627125,-2.062723696,-0.291896418,-0.647630614,-1.1006196,1.117856683,-0.797500708,-0.958975564,-2.542456443,-2.793763202,-1.817068103,-2.723150633,-1.949070575,0.076654453,-0.824753554,-0.39512296,-0.836184117,0.189537868,-0.241358131,-1.684655814,-1.396420164,-0.869642767,-1.405731165,-0.996809506,-1.800774993,-1.511034632,-2.825400358
sample_p14_12pm_como_fall_2023,cf12,-1.10873183,-0.81999076,0.288941803,0.374638919,-1.293119267,-0.201236531,-1.261605713,-1.666211491,-1.192609676,-1.230530211,-0.24498461,-0.723741655,-1.172923255,0.959864224,-0.778142346,-0.863205565,-1.937803464,-2.882223381,-1.937714438,-1.892489594,-1.879159825,-0.229711845,-0.725591134,-0.320186644,-1.003728215,-1.172226832,-0.63890365,-1.900482423,-1.334444518,-0.276620402,-2.437978756,-1.055367783,-1.272915147,-1.425113754,-3.04295721
sample_p14_6pm_como_fall_2023,cf6,-1.337077494,-1.524184096,0.145565505,-1.2647681,-1.512077716,-0.872636005,-1.290044226,-1.255968974,-1.460032225,-1.589905771,-0.425833505,-0.918888115,-1.282531723,0.794630673,-0.907510588,-1.171215425,-2.193965712,#NAME?,-2.230963263,-2.818689068,-2.294362175,-0.276477958,-0.969655186,-1.07050692,-1.150837192,-1.281912172,-0.297992174,-2.13663975,-2.479548266,-1.346569403,-1.669997534,-1.0911416,-1.959938267,-1.627033645,-2.740017706
sample_p14_8am_como_fall_2023,cf8,-1.139275475,-0.004854761,0.304396836,0.440624348,-1.822478233,-0.617439309,-0.991563811,-1.293384675,-1.862314539,-2.163775215,-1.098432795,-0.753483467,-1.205421539,1.025849585,-0.916097964,-1.266700371,-2.730812602,-2.916302268,-1.92211537,-2.458408372,-1.640159604,-0.225127844,-0.91073435,-0.529159586,-1.082143146,-1.213102765,-1.250654417,-2.06851634,-1.952897883,-0.818469711,-2.712873463,-1.234364478,-1.931080544,-1.418476664,-3.060642808
sample_p9_12pm_como_fall_2023,cf12,-1.422454288,0.207759553,0.544431936,0.65324083,-1.133992604,-0.298611006,-1.129565397,-0.862508012,-1.681218368,-1.680070778,-0.188786879,-0.490239562,-1.020632486,1.23846606,-0.584834082,-0.899266591,-2.060339745,-2.860143794,-1.711366886,-2.127154876,-1.547809041,-0.036421045,-0.764756919,-0.580187119,-0.666414406,0.307257377,-0.383920126,-2.143958842,-1.458002887,-1.246382579,-1.897222774,-1.071488268,-1.7760718,-1.513855866,-2.828990548
sample_p9_6pm_como_fall_2023,cf6,-1.367414149,-1.033437447,0.210259942,0.290219657,-1.428109788,-1.700969468,-1.392704542,-1.186563404,-1.658675896,-1.66771062,-0.312228387,-0.786193892,-1.327272307,0.875444983,-0.895660482,-1.020702142,-2.341114875,-2.850965366,-2.491024995,-2.883894577,-2.546872679,-0.443158551,-0.892348476,-0.807954942,-1.001685301,-1.226313126,-0.237796522,-1.897445146,-1.237164882,-0.921539579,-1.887112223,-0.870364301,-2.121707644,-1.568156286,-2.967494638
sample_p9_8am_como_fall_2023,cf8,-1.665359626,-0.624521265,-0.254424923,-1.550254221,-1.585182351,-0.613596773,-1.137369671,-1.176359508,-1.434734144,-1.498801117,-0.584356078,-1.2623305,-1.7418942,0.406185843,-0.648221494,-1.107969727,-2.399540118,-2.742669415,-2.314218808,-2.232379208,-1.996992638,-0.605484119,-0.998265758,-1.200103506,-1.86254167,-1.639374943,-1.034314378,-2.015625617,-2.460931827,-0.305594911,-2.325422997,-0.921086601,-1.822708879,-0.409028215,-2.921626678
sample_p11_12pm_como_spring_2024,csp12,-2.185550915,-3.031215977,-1.686128609,-1.52019321,-0.637171215,-0.923434788,-1.483343138,-1.493756507,-1.861786979,-1.159074838,-2.194448262,-2.860362156,-2.164332873,-0.986044126,-2.625420585,-1.610435385,-2.619389899,-1.042722239,-2.371037877,-2.263304622,#NAME?,-2.517326177,-2.665588823,-2.013799779,-2.425176848,-2.058604411,-0.9145148,-1.774400562,-2.589787309,0.197067321,-1.963430091,-1.33973618,-1.86733388,-1.500663944,-2.374208135
sample_p11_6pm_como_spring_2024,csp6,-1.926368517,-2.960880478,-1.236544952,-1.815273786,-2.150674725,-0.854407742,-1.207027951,-1.264416563,-1.797731977,-0.772756908,-1.217308124,-2.194246846,-2.081041927,-1.49348267,-2.267174516,-1.885789548,-2.312720597,-0.672974838,-1.588565401,-2.727650948,-2.522748519,-1.298229548,-1.792708032,-1.657574918,-2.375362618,-2.998960267,-0.746121304,-1.449706238,-2.125001703,-0.048956474,-1.774984755,-1.167649728,-1.646001328,-1.507918281,-2.998662422
sample_p11_8am_como_spring_2024,csp8,-2.034187005,-2.571786384,-0.864005213,-2.181289726,-1.924263863,0.193279975,-1.356092515,-1.509519975,-1.283509159,-1.023156681,-1.290018925,-2.828285307,-2.224727686,-0.116640753,-2.386768853,-1.863666409,-2.485997282,-0.832413442,-1.853962183,-2.79924163,-1.965574804,-1.379446963,-1.841885544,-1.599225595,-2.305270765,-2.479887855,0.053302076,-2.081234709,-1.805550287,-0.758909849,-2.714330915,-1.220644399,-1.924967536,-1.413350428,-3.067494686
sample_p14_12pm_como_spring_2024,csp12,-1.984070557,-2.857375141,-1.261857411,-2.641993431,-2.022986423,-0.753143014,-1.360545472,-1.044683361,-1.577873361,-0.748942534,-1.673895562,-2.09824807,-1.639976247,-1.732569407,-1.289816209,-1.257276099,-1.521560182,-1.012720166,-1.57676456,-2.201944785,-2.721923304,-0.949740217,-1.695866957,-1.764709705,-1.973901686,-2.082589492,-0.671242803,-1.106608931,-1.553473669,0.133652617,-2.9214377,-1.206762113,-1.864795954,0.346189628,-1.895211394
sample_p14_6pm_como_spring_2024,csp6,-1.892398889,-2.876799893,-1.520627483,-1.868344187,-2.138012522,-0.485931189,-0.833718714,-1.558565195,-1.192297917,0.382479197,-0.876373796,-1.526706419,-1.712107865,-1.389629492,-0.985451753,-1.610401418,-1.993199639,-0.629064587,-1.486600737,-2.408057635,-2.168608164,-1.55333696,-1.408323805,-1.473878528,-1.438746873,-2.745966914,-0.048471676,-1.841070473,-2.301435411,-0.495754551,-2.109072457,-1.363468703,-1.818374399,-1.169672919,-3.080802316
sample_p14_8am_como_spring_2024,csp8,-2.096668309,-3.168773483,-1.389769446,-2.71645401,-2.08199609,-0.725436389,-1.669317031,-1.622808188,-1.249541323,-1.202420651,-1.364299996,-2.64532349,-2.540788807,-1.509273512,-0.876661502,-1.37355344,-2.87479102,-1.056868871,-1.951272473,-2.544394679,-2.547910295,-1.776862376,-2.10417592,-1.743896117,-1.733018038,-2.513560954,-0.545339364,-1.735372615,-2.425576929,-0.174857055,-1.615366949,-1.784109234,-1.670163744,-1.779868693,-3.212739707
sample_p9_12pm_como_spring_2024,csp12,-1.961137344,-3.19350664,-1.541722932,-2.732230962,-0.59887874,-1.032072414,-1.538685947,-1.657304371,-1.787986461,-1.284830443,-1.66979192,-2.962652897,-1.94267655,-1.823311205,-2.290462988,-1.831819339,-2.692125846,-1.104759872,-2.610961688,-1.882767853,-2.689339516,-1.700136363,-2.132136868,-2.053001946,-1.826829891,-3.105004865,-0.880572564,-2.131963808,-2.353905986,-0.561211417,-2.15246995,-1.360525252,-2.938000511,-1.615919706,-3.102408565
sample_p9_6pm_como_spring_2024,csp6,-1.908251857,-2.692004742,-1.028675786,-2.078736403,-1.937539156,-0.08261579,-1.288717472,-1.664652639,-1.928270535,-1.240418525,-1.170053141,-2.280339885,-2.412551998,-1.588747846,-1.158523416,-1.503821108,-2.860280641,-1.094988955,-1.653068978,-1.800433984,-2.685979765,-1.281657429,-1.82759679,-1.453609398,-1.758159208,-1.997665998,-0.769113767,-1.964285396,-1.560346766,-0.449983639,-1.577055416,-1.382888272,-1.771103116,-1.920742146,-3.182142278
sample_p9_8am_como_spring_2024,csp8,-2.214273559,-1.959784515,-1.357657912,-2.03991751,-1.581768421,-0.609925491,-1.325374973,-1.447326268,-1.328937662,-0.737184604,-1.702947589,-1.968721514,-2.067324328,-1.305311473,-1.078055457,-1.404933426,-2.039507593,-2.109920662,-2.203032375,-2.086734315,-2.009308,-1.523888327,-1.929191221,-1.852122049,-1.45163362,-2.405872487,-0.481537532,-1.982614476,-2.138639603,0.123415233,-2.48593978,-1.674611236,-1.543016974,-1.587674824,-2.852238422
sample_p11_12pm_como_summer_2024,cs12,-1.82728577,-1.619152372,-0.852963133,-1.445450301,-1.757888697,-0.99680661,-1.327823836,-2.137939877,-1.062897611,-0.96081324,-1.339935752,-2.723946999,-1.324912549,-0.151344852,-2.354084454,-1.633593019,-2.611796472,-0.901369731,-1.696877506,-2.293971048,-2.576217306,-1.766078032,-1.564759554,-1.850068209,-1.568294648,-2.270894183,-0.545106547,-1.840963894,-2.150263385,-0.506364098,-1.313205455,-1.118194933,-1.624090487,-1.455163464,-2.33480261
sample_p11_6pm_como_summer_2024,cs6,-2.02968997,-2.875329213,-1.128840564,-1.828944197,-0.764484108,-0.899106683,-1.553632569,-1.109467268,-1.40673845,-0.874082466,-1.769524659,-2.343533485,-1.501041968,-0.452262034,-0.295916788,-0.927141994,-2.151104783,-0.790042492,-2.044299275,-2.017456217,-2.651767509,-1.004112259,-1.514812889,0.367636471,-1.527538169,-0.692501478,-0.642806253,-0.901416456,-1.778492118,-0.060285596,-1.668891556,-0.840425426,-0.239335549,0.48015688,-2.978508807
sample_p11_8am_como_summer_2024,cs8,-2.18829394,-1.687878114,-2.095822013,-1.549667258,-2.095509473,-0.0813651,-1.306384715,-1.958523581,-1.513260239,-1.259721012,-1.383241617,-2.545989148,-2.669932835,-0.964440978,-2.213622263,-1.867036051,-2.710813378,-1.334229829,-2.083713159,-2.335279285,-2.58308815,-1.605857051,-1.832510155,-1.669476462,-1.333971213,-2.365094934,-0.607493347,-1.776921611,-2.045796133,-0.311604147,-2.446756751,-1.351141446,-2.259846127,-1.624858933,-2.940202651
sample_p14_12pm_como_summer_2024,cs12,-1.650440294,-2.776615497,-1.002725694,-2.113652211,-2.06022833,-0.133128557,-1.286683089,-1.444287021,-0.7424268,-1.027725816,-1.156730138,-2.131431089,-2.684474147,-1.739749162,-1.891710277,-1.602539821,-2.821596033,-0.928138131,-1.78316197,-2.557016048,-2.161026357,-1.467953894,-1.63180369,-1.645702628,-1.325445306,-2.00592392,-0.202853638,-1.859813986,-2.035709836,-0.630606461,-1.33390906,-1.521090708,-2.546966495,-1.630676112,-2.850252272
sample_p14_6pm_como_summer_2024,cs6,-2.974857471,-1.720340275,-1.332593748,-1.659042232,-0.750446811,-0.782478344,-1.581305285,-1.166782479,-1.952125299,-1.171106111,-1.470448813,-2.408704666,-1.737261782,-0.689634567,-0.365162142,-0.935255788,-1.478560827,-1.168207899,-2.64667972,-1.598395225,-2.586924856,-1.183873875,-1.964064023,0.369629254,-1.558068183,-0.746832804,-0.518519659,-0.887056526,-2.719610503,0.014024345,-1.894310776,0.258383999,-1.776273253,0.370650649,-3.228993538
sample_p14_8am_como_summer_2024,cs8,-1.897755655,-1.970950143,-0.459686182,-1.593593332,-2.049692266,0.142654764,-1.208928518,-1.38790243,-1.430766173,-1.263995228,-1.288994698,-1.952965726,-2.245250688,0.254094317,-0.574997115,-1.214777853,-1.829670254,-0.922337692,-1.61821089,-2.469024063,-2.743337803,-1.389130485,-2.081561498,-1.828865972,-1.191347612,-1.564570845,-0.034580416,-1.661695752,-2.45344718,-0.495336009,-1.202025899,-1.188503212,-1.792511494,-0.911102952,-3.035660052
sample_p9_12pm_como_summer_2024,cs12,-1.425100743,-1.089847132,-0.659308193,-1.55919779,-1.858165483,-0.814211657,-1.451609879,-1.226156142,-1.793622445,-1.277205491,-1.492017678,-1.366680424,-1.685855393,-0.736055343,-1.474092826,-1.337141393,-1.726908887,-0.821791412,-2.273507463,-2.368654804,-1.798039177,-0.499567925,-1.471203393,-0.894003178,-1.494185104,-1.415800978,-0.629225742,-1.054482326,-2.598226949,-0.084107127,-2.859296242,-1.045256289,-1.624744887,-1.368645366,-3.094821073
sample_p9_6pm_como_summer_2024,cs6,-2.795123527,-2.713819,-1.322338232,-1.931196553,-1.704541358,-1.112003615,-1.664672103,-1.300760389,-1.254261328,-0.492925084,-1.62129505,-2.281374714,-1.703009184,-0.64792614,-0.31391923,-1.043267109,-1.698537901,-1.114415398,-1.389496208,-2.377990964,-2.693028849,-1.097476699,-1.895155543,0.304505259,-1.668464351,-0.77592086,-0.809840516,-0.959639561,-1.733838156,-0.14444067,-2.930778907,0.217809057,-0.409907954,0.312269253,-3.075668509
sample_p9_8am_como_summer_2024,cs8,-2.26694612,-2.930275373,-1.404054875,-1.723448378,-2.084975777,-0.691044085,-1.351106161,-1.998155469,-1.628081184,-1.03420405,-1.799237124,-2.085293162,-2.541425595,-1.015712618,-1.070235657,-1.242248403,-2.284971185,-0.916367283,-1.671180594,-2.273269522,-2.218384196,-1.371651248,-2.378638512,-0.356452335,-1.427392627,-1.363616634,-0.516016883,-1.804424058,-2.191285122,-0.0123336,-2.518924237,-1.134628419,-1.708518812,-1.533892894,-3.011404255
sample_p3_12pm_forest_fall_2023,ff12,-2.114858876,-2.981868006,-1.435768227,-2.610634119,-0.758313083,-1.456757152,-1.446772946,-1.578870134,-1.788755849,-1.316826469,-1.695436843,-2.035653603,-1.744405065,-1.743181831,-1.335706453,-1.444821219,-2.581911663,-2.902741278,-2.54251818,-2.622741017,-2.553889138,-1.145372861,-2.187181445,-1.753841344,-2.33835793,-2.587333076,-2.138089299,-1.985539954,-2.320143906,-0.226460341,-2.736553734,-1.572380032,-1.956338349,-0.408339721,-2.723985681
sample_p3_6pm_forest_fall_2023,ff6,-1.45671613,-2.209971911,-0.756804105,-1.726947794,-1.84888685,-1.578526511,-1.538635315,-1.292994068,-1.524197498,-1.130010962,-0.98147718,-1.56576904,-1.863122818,-0.918258801,-1.695643128,-1.142737699,-2.03359323,-2.932150317,-1.994226293,-2.267720417,-2.612262654,-0.763668714,-1.366569518,-1.54403818,-1.685396028,-1.819239605,-1.328475732,-1.309450632,-2.383970884,-0.487531836,-2.259034702,-1.445901492,-1.972068007,-0.045046743,-2.787850306
sample_p3_8am_forest_fall_2023,ff8,-1.677313716,-2.313339091,-0.948364369,-1.862656992,-1.723674547,-1.01611605,-1.509620491,-1.442615266,-1.505873187,-1.49852737,-1.150240125,-1.858879352,-2.048127813,-0.220571582,-2.22131366,-1.275246841,-2.741153386,-2.496517931,-1.669214891,-2.050263311,-2.478730535,-1.002652134,-2.192387036,-1.382674383,-1.028524307,-1.930999354,-1.063165536,-2.306363749,-1.572143023,-0.442478741,-1.521219589,-2.010269613,-2.308711231,-1.576637619,-2.884300204
sample_p4_12pm_forest_fall_2023,ff12,-1.44480069,-0.678855169,-0.309338572,-1.608926674,-2.139840691,-0.959810363,-1.319788481,-1.227137091,-1.678422279,-1.087404428,-0.749066727,-1.255855936,-1.524039949,0.351851064,-1.448812766,-1.06672707,-2.308038723,-2.861076164,-2.046940612,-1.636243425,-2.61137427,-0.567662948,-1.184239441,-1.267769413,-1.090937019,-0.582236052,-0.386384356,-1.716571016,-1.791625418,-0.25251481,-2.147639028,-1.359276931,-1.755936518,-1.466961082,-2.732158233
sample_p4_6pm_forest_fall_2023,ff6,-1.265894581,-1.159734333,0.025507589,0.139250428,-1.417367287,-0.904055572,-1.270036938,-0.924799191,-1.823247894,-1.24388153,-0.357973827,-0.821288786,-1.409078364,0.724477594,-0.966785763,-0.90857999,-1.438958618,-2.8927462,-1.999822754,-2.846494101,-1.589906682,-0.478253337,-0.794107516,-0.663607588,-1.109089072,-1.424262129,-0.848666632,-0.865200094,-1.636015974,-0.742886106,-1.767809236,-0.72441065,-1.581033585,-1.201393585,-2.839598461
sample_p4_8am_forest_fall_2023,ff8,-1.378549792,-2.376548994,-0.904740714,-1.647899421,-1.835186981,-0.981353663,-1.583052948,-1.419774109,-1.529466913,-1.220648972,-1.249835971,-2.041721068,-2.151301051,-0.199034848,-1.011492271,-1.837420316,-2.719387887,-2.530974977,-1.59930904,-2.315353054,-2.231656391,-1.107822131,-1.156824934,-1.122712225,-1.939952238,-2.107567922,-0.665932663,-2.314053419,-2.501004039,-0.350279457,-2.262113813,-1.284948508,-1.818886353,-1.977228174,-2.955537284
sample_p5_12pm_forest_fall_2023,ff12,-1.384426407,-0.679374797,-0.385889177,-1.418681863,-1.611637581,-0.88019838,-1.350348343,-1.249771021,-1.810962789,-1.0521448,-0.705110667,-1.250390588,-1.459040021,0.351331281,-1.269932029,-1.040279416,-1.902604272,#NAME?,-2.035572679,-1.843752233,-2.576095016,-0.57684306,-1.063228387,-1.169084703,-1.56693992,-1.525592753,-0.546304762,-1.720913067,-1.655411544,-0.371212921,-2.1719146,-0.879083601,-1.615610502,-1.337291635,-3.017856935
sample_p5_6pm_forest_fall_2023,ff6,-0.658715026,-0.909265265,-0.576266895,-1.711314565,-2.151067329,-1.113446158,-1.323251072,-1.019011475,-1.42666107,-0.914781729,-0.828118977,-1.443610956,-1.571958608,-1.126089455,-0.358380742,-0.79984728,-1.469573497,-2.658293417,-1.417189686,-2.001693556,-2.621919002,-0.546997178,-1.257632253,-1.24730544,-1.454937772,-1.594236269,-1.114326018,-0.912663879,-2.047416891,-0.141047765,-2.326003886,-0.893606937,-1.371524022,0.282644682,-3.031633997
sample_p5_8am_forest_fall_2023,ff8,-1.218730748,-0.300686382,0.040347519,-1.250321823,-1.12688569,-1.893591155,-1.202337887,-0.992268617,-1.824232543,-1.286934745,-0.917149794,-0.865852104,-1.239310155,0.730019755,-0.993790178,-0.947375384,-1.799441919,-1.920481705,-1.581482388,-2.231555627,-1.891976297,-0.333643347,-0.880710768,-0.379987959,-1.113043301,-1.284364862,-0.260618339,-1.800457346,-1.609612863,-0.538478881,-1.411557882,-0.85253466,-1.720201045,-1.275960519,-3.031126689
sample_p3_12pm_forest_spring_2024,fsp12,-2.426427695,-2.66636453,-0.894361664,-1.389474559,-1.9361276,-0.180788813,-1.064783053,-1.494987588,-1.917870449,-1.199690068,-1.223349447,-2.393565991,-1.272395753,-0.268999262,-1.141592232,-1.507827574,-2.392586397,-1.162138435,-2.543882375,-2.198822801,-2.734155939,-2.020568323,-1.785156642,-1.888720544,-2.018149772,-1.203086949,-0.34915701,-1.996231168,-1.908022098,-0.753541425,-1.651480099,-1.479933765,-1.878618719,-1.807325541,-2.875025553
sample_p3_6pm_forest_spring_2024,fsp6,-2.542717718,-3.119614342,-1.396672772,-2.399041574,-1.73764843,-0.846271706,-1.464566366,-1.256865963,-1.867548143,-0.624542425,-1.859377735,-2.963031659,-1.693931935,-2.142429238,-2.155936024,-1.467141566,-2.156797003,-0.585790265,-2.658503663,-1.19511975,-2.692449322,-1.744935535,-2.240653875,-1.936362043,-1.804744045,-3.048931204,-0.819745102,-1.638188982,-2.451641638,0.11632475,-1.874507061,-0.990539801,-1.477602848,-1.114945569,-2.63289914
sample_p3_8am_forest_spring_2024,fsp8,-2.267488693,-2.193500912,-0.564014881,-1.721297041,-1.759617766,-0.608972093,-1.197716521,-1.318665117,-1.637803537,-0.905565405,-1.508015583,-1.401657431,-1.727147913,-0.775257797,-1.413701237,-1.353741339,-1.925872513,-0.402523548,-2.358179936,-2.414660976,-2.317116952,-0.635371531,-1.408566932,-1.144846624,-1.806918962,-0.830859208,-0.543180938,-1.907821527,-1.949790129,-0.101304204,-1.574904158,-1.053422848,-1.566358519,-1.372520204,-3.095560095
sample_p4_12pm_forest_spring_2024,fsp12,-1.630401064,-1.792103538,-0.716207461,-1.246093548,-1.561055658,0.243306919,-1.186151185,-1.419372955,-1.856669107,-1.098126337,-1.0627467,-2.718216844,-1.078462779,-1.332693365,-2.481290249,-2.069396782,-2.644292345,-0.89632632,-2.558402171,-0.886189989,-2.67383147,-1.753150186,-1.426475347,-1.665979521,-1.524921977,-1.784160634,0.12220602,-1.935930066,-1.845764998,-0.379907649,-1.446781637,-1.299667161,-1.912317677,-1.428858662,-3.147777878
sample_p4_6pm_forest_spring_2024,fsp6,-2.844614282,-2.616633018,-1.202609435,-1.947905365,-1.809942711,-0.567541635,-1.336702249,-2.173950348,-1.869476128,-0.819774698,-1.598705676,-2.298457855,-1.551191751,-1.617394285,-1.921780581,-1.794979313,-2.429382261,-0.799389862,-2.556730532,-2.129547837,-2.673067547,-1.420227295,-2.100561439,-1.843863909,-1.626225712,-2.249199392,-0.511528122,-2.06964364,-2.048330417,-0.370436327,-1.877771665,-1.156858858,-1.813576247,-1.468682254,-2.930767762
sample_p4_8am_forest_spring_2024,fsp8,-2.328430511,-2.80139408,-1.095223493,-1.88486639,-1.600692744,-0.516197759,-1.110806257,-0.807471325,-0.909661599,0.048138835,-1.377987402,-1.626864901,-2.495371998,-1.102456931,-0.901122185,-0.92320283,-1.364452934,-0.185607054,-1.789946502,-2.277629197,-2.382855935,-1.307121146,-1.50848033,-1.773965425,-1.660327413,-2.191778206,0.201901471,-0.889573196,-2.294570542,0.19826588,-1.715152919,-0.813885736,-1.371158531,-0.821936964,-3.071325273
sample_p5_12pm_forest_spring_2024,fsp12,-1.77873372,-2.320579106,-0.700959835,-1.904914211,-1.757103146,0.134418342,-0.844454299,-1.413577666,-1.05366762,-0.06630705,-0.992259747,-2.2200786,-1.449848521,0.006242847,-1.076043242,-1.661628857,-2.266594447,-0.490660008,-2.071390719,-2.052989898,-1.775009155,-1.381098224,-1.097817217,-1.3042189,-1.60070444,-2.16622365,-0.008513979,-1.818395056,-1.756106832,-0.34477603,-1.199897503,-1.276836656,-1.795140249,-1.181297885,-2.877365228
sample_p5_6pm_forest_spring_2024,fsp6,-1.5638936,-2.086787679,-0.744845014,-1.77945831,-1.59809264,-0.057959477,-1.046819932,-1.129268911,-0.702223851,0.345317988,-1.070490346,-1.804406677,-2.46363758,-1.194231461,-0.143413934,-1.400817579,-1.479776901,-0.501455743,-1.962213264,-0.938069518,-2.619734056,-0.987639647,-1.484795309,-1.682029529,-1.806590785,-0.998296736,0.195493272,-1.189163607,-2.161377908,-0.212761235,-1.612582449,-1.367506271,-1.86970946,-1.221460698,-3.088625186
sample_p5_8am_forest_spring_2024,fsp8,-1.499493406,-2.072886319,-1.346995784,-1.574253062,-2.126897875,-0.301750631,-0.711741072,-0.760036232,-1.094540631,0.123400498,-0.426957193,-1.437188935,-1.916886319,-0.614036681,-0.717787405,-0.892228225,-1.636455397,-0.160528209,-1.992885738,-1.20455542,-2.207700799,-0.582081319,-0.90749803,-1.218898442,-1.617551111,-1.690853347,-0.41212832,-0.850183229,-1.795483113,0.228643225,-1.567535167,0.502644943,-0.118946804,-0.540293158,-2.786380691
sample_p3_12pm_forest_summer_2024,fs12,-2.396890984,-2.900531678,-1.458325591,-2.462738574,-1.992500672,-1.088854201,-1.449294368,-1.546270034,-1.933466978,-1.367832979,-1.658069752,-2.375737835,-1.751959926,-1.847549553,-2.527457411,-1.498961362,-2.819146745,-1.208942213,-2.296079462,-2.864036341,-2.705899564,-1.246584687,-2.637566749,-1.928886663,-2.039479951,-2.555467017,-0.883352002,-1.79801364,-2.626705998,-0.414575088,-2.021926467,-1.438176153,-1.942546495,-1.768030739,-3.075079448
sample_p3_6pm_forest_summer_2024,fs6,-1.220322375,-0.987944794,-0.084017493,0.010181878,-1.191067083,0.111776833,-0.622656373,-0.814532047,0.940088719,-0.483369147,-0.541201649,-1.267688789,-1.293829655,0.595408044,-0.219481653,-0.811178122,-1.349326062,-0.204217428,-2.282754047,-1.64000493,-1.15183652,-0.194518255,-1.149305341,-1.044703956,-1.158919089,-1.257045339,0.548373757,-0.990633835,-1.455925376,0.266782573,-1.445427506,-0.970427649,-1.340111225,-0.549516225,-2.257022008
sample_p3_8am_forest_summer_2024,fs8,-2.271844783,-2.697366886,-0.867523947,-1.652803286,-2.334032409,-0.031905493,-1.213030916,-1.446621251,-1.456321057,-0.856275129,-1.450730211,-2.913233217,-2.034006767,-0.196638086,-0.881297283,-1.937549922,-2.52407197,-2.296694532,-2.370408782,-2.718130046,-2.686740441,-1.245359804,-1.833013718,-1.772248581,-2.385296661,-2.174779901,-0.183767288,-1.894814913,-2.052580355,-0.821526348,-1.625350921,-1.309930064,-1.738554462,-1.420163759,-3.089870333
sample_p4_12pm_forest_summer_2024,fs12,-2.472556003,-3.095738148,-1.612425497,-2.078391388,-1.879371718,-0.825940918,-1.365756386,-1.311488474,-1.299417492,-1.138162017,-1.717399169,-2.588208208,-1.916821126,-1.398345707,-0.917407624,-1.548734072,-2.338404068,-1.153295141,-2.558182905,-2.267364605,-2.407703065,-1.139243866,-2.675370185,-1.934014586,-1.58617111,-2.370348955,-0.683643124,-1.69758636,-2.643787277,-0.219088044,-2.034665967,-1.282378309,-1.886238166,-0.947361199,-3.174710329
sample_p4_6pm_forest_summer_2024,fs6,-2.114116734,-3.158243931,-1.272686622,-1.78200316,-2.124363651,-0.783239845,-1.133986894,-1.127921376,-1.619082669,-1.193189851,-1.281154142,-2.903446974,-2.659250331,-1.09032119,-0.800586813,-1.430305014,-1.781562658,-0.929965977,-1.951731724,-1.565727041,-1.723316285,-1.203266944,-1.827505811,-2.024178234,-1.60844168,-2.337494991,-0.518738845,0.028926367,-2.509408127,-0.234531509,-2.893032867,-1.348423493,-1.705633253,0.150703335,-3.167017476
sample_p4_8am_forest_summer_2024,fs8,-2.327777846,-2.66392085,-0.942025163,-1.928658626,-2.173397075,-0.157491541,-1.359642963,-1.388435639,-1.420576816,-1.630123347,-1.470191916,-2.914000832,-2.53646511,-1.335902933,-0.960736888,-1.799953411,-2.413458247,-1.295996622,-2.572955819,-2.185865256,-2.650596861,-1.50557334,-2.795617255,-1.766030894,-2.427664472,-2.496844327,-0.351690903,-1.958476625,-2.631408475,-0.660048315,-1.486416383,-1.446633878,-1.774224158,-1.557661957,-2.771124307
sample_p5_12pm_forest_summer_2024,fs12,-2.423912465,-2.796296377,-1.302890414,-1.967076576,-1.979458077,-1.052488123,-1.261524656,-1.218000158,-1.054535691,-0.571825661,-1.745595329,-2.122325013,-2.730621452,-1.517805489,-0.449770665,-1.008080406,-1.454720782,-0.988654844,-2.220026467,-0.992426092,-2.185389886,-0.914350295,-2.003940399,-1.936923489,-1.715320479,-1.835482033,-0.895685674,-0.841773081,-2.137619377,-0.274579213,-1.875697384,-1.234647495,-1.693971303,0.383918411,-2.875210071
sample_p5_6pm_forest_summer_2024,fs6,-2.53925968,-1.648508418,-1.317041872,-1.797307789,-2.205429736,-0.864656665,-1.083231544,-2.110218806,-1.029861318,-1.052563182,-1.273776338,-2.104927848,-2.72703297,-1.159541678,-0.536604968,-1.047659013,-1.434939206,-0.926184901,-1.951647249,-2.374212276,-2.581313655,-1.046301784,-2.12712931,-1.99024127,-1.300389998,-2.12106848,-0.686308562,-1.140383531,-2.402110248,-0.357301363,-1.824595603,-0.878375502,-1.714433192,0.356192756,-2.437165068
sample_p5_8am_forest_summer_2024,fs8,-2.583087962,-3.181450062,-1.614670076,-2.056571725,-2.314725777,-0.928541255,-1.478385846,-1.438291567,-1.342871652,-0.940224716,-1.938239856,-2.594468179,-2.083327153,-1.99731675,-0.849199014,-1.846762692,-2.251035263,-1.058643239,-2.351312785,-2.365264384,-2.708188945,-1.408261492,-2.476084348,-1.705164009,-2.412541011,-2.851361746,-0.841205668,-1.523328959,-2.71848039,-0.514742362,-1.947381205,-1.363443456,-2.020976726,-1.126875514,-2.80393175
