"","time","season","location","alpha_copaene","alpha_humulene","alpha_phellandrene","alpha_pinene","alpha_terpinene","alpha_terpineol","beta_caryophyllene","beta_farnesene","beta_myrcene","beta_phellandrene","beta_pinene","borneol","bornyl_acetate","camphene","camphor","cis_three_hexen_one_ol","citronellol","eucalyptol","eugenol","fenchone","gamma_terpinene","limonene","linalool","linalool_oxide","longifolene","menthol","methyl_jasmonate","methyl_salicylate","ocimene","one_four_cineole","p_cymene","sabinene","terpinen_four_ol","terpinolene","trimethyl_trideca"
"1","8am","fall","como",0.00118743402880428,0.0238295399010538,0.816168999964279,0.28358284057935,0.05325012149692,0.00290388693922714,0.0106842683476902,0.260556550888952,0.152054703253473,8.75962295151165,0.124309214705575,0.0141939846249257,0.0709248623460257,0.0493337641599459,0.0806693226102462,0.0147379896051765,0.152966201367357,0.0807699392770939,0.00154297085705481,0.168502110817908,0.543777208478438,1.73265363706786,0.240731863300333,0.0129524287324384,0.0182485768971267,0.0929863078090713,0.0157412693315197,0.0951123509115494,2.06513026453546,0.0153175663474661,0.253792100381749,0.678853990090763,0.169314473392345,0.0372439010377283,0.00374268419645065
"2","8am","fall","forest",0.00111463602469314,0.0252450549031245,0.169819327751236,0.0826762957351088,0.024548254961936,0.0065307780504327,0.0242634063314564,0.365607665131452,0.0530381282542062,2.20156347505592,0.0692406648121495,0.0130442021366657,0.0586415661103624,0.0410937613738718,0.06016025661166,0.0073370103834026,0.0300055335074271,0.0607361802805288,0.00604721395779821,0.0682786815655852,0.023827988781347,0.444835646130359,0.283676911572975,0.00854116903697558,0.0181689391451367,0.0673614077108,0.0478485228021931,0.0399351302730521,0.0308026272059022,0.0247829213100003,0.17789915086837,0.21374460347216,0.071173513970515,0.0360580234967099,0.00653742626282204
"3","8am","spring","como",0.000958018510456287,0.05174667540393,0.00477623507853586,0.0381076940616972,0.00580104537511879,0.00457683892077651,0.0104833737767823,0.723814993453065,0.00483156701044173,0.281644025990198,0.0113433081455813,0.020632710854608,0.0301571008085958,0.00778434255249865,0.0317863944245946,0.00781495505315906,0.027016121994703,0.0195971522911162,0.0808605367773612,0.0734989343871758,0.00343494306911541,0.0738061755950699,0.581807348605985,0.0123647981945397,0.00888938116728811,0.0325866726282662,0.113568747381312,0.0375778875258293,0.00587675538763642,0.00981414480939508,0.0190849032396328,0.0294622003467471,0.664748985984221,0.0154601585448498,0.00421077147846364
"4","8am","spring","forest",0.00109547252417314,0.0755284190878953,0.0054798398539162,0.149024172876643,0.0113496223653747,0.0260546280771191,0.010256250122092,1.35449009153941,0.0332715927267541,0.16332178483493,0.0645940203164148,0.276701899800689,0.125854008652552,0.0139184774882233,0.0972646512851301,0.00505274346352554,0.160434079596361,0.0205278468147913,0.579669633071001,0.118553783026174,0.0581419873885003,0.132726040776541,0.755096425335624,0.0941701156141139,0.010771720049994,1.14117428480342,0.856709668755099,0.111704478319286,0.0195621712072942,0.024316708824672,0.0496255682874783,0.180871402636709,0.34995811314557,0.0166461273601248,0.0238543634277018
"5","8am","summer","como",0.00101429028269943,0.0304353204373829,0.0107944360626219,0.0362195768244394,0.00356603982162419,0.00731228645640476,0.0178852540367442,0.593205160700976,0.00740174497343596,0.666700814772977,0.00905846957285517,0.013728999935434,0.0206599816335955,0.00818155036036628,0.0439379111903299,0.00348848541077447,0.0585616688664073,0.0493634679616428,0.0957125066065508,0.119085547342275,0.0249525860693442,0.131482768014321,0.491710874612377,0.0180648612891798,0.00631891550581042,0.0608948744225,0.0672888819815553,0.0519179484754066,0.0242005007208122,0.0231347540350553,0.158777137848943,0.0360327057238352,0.807228368585597,0.00838918418298473,0.00444898079282778
"6","8am","summer","forest",0.00135917858437502,0.0394482376197001,0.00161132887403332,0.0269397803198305,0.006802866169891,0.00415379606590191,0.00379613806094507,0.225083442959244,0.00166140572742547,0.230688214328283,0.00654368951659351,0.0148680692863372,0.0376981346523062,0.00422017738361483,0.0138760622070206,0.00208358628298949,0.0467872812161746,0.00390710093858106,0.0476673006578784,0.127469643893946,0.00376009390280204,0.0914111087216355,0.414692713022673,0.0179042288294981,0.00436949698990689,0.0426833433708322,0.0924730168857738,0.0460515259988452,0.0142690508283621,0.022536705493581,0.0179166234180341,0.0423727665422832,0.580964041513051,0.00539568587874761,0.00424818447387484
"7","12pm","fall","como",0.00385480245039211,0.0411689104155183,0.623210942690873,0.56529284016176,0.0742896088004932,0.00787744106089174,0.0145373964826701,0.216783692221196,0.232508961237162,12.239116071451,0.152696566370148,0.0249513429238524,0.0934899751424251,0.0554117254422686,0.119957151358268,0.0158462683306823,0.0259323963861838,0.11178901141824,0.00142733402236233,0.197705201110271,0.71860343274845,2.51187319615188,0.359107575720418,0.00968982068035398,0.0295587288060393,0.0698114976988735,0.0395148251667552,0.0672055202219399,3.18071251566297,0.012307159138621,0.296797879383809,0.708304446715324,0.511137854441803,0.0555106777738844,0.0113632193624179
"8","12pm","fall","forest",0.00156687558309213,0.0175624990401533,0.139918109540845,0.131855294682145,0.0275612254429905,0.0066842200311594,0.00701880981216455,0.526048942529503,0.040292131003547,1.50398061569046,0.0527924777322803,0.0176103339829454,0.0473029355504487,0.0282829978433755,0.0709356864402324,0.00263141173394367,0.156884131497891,0.0376005767122132,0.000875990676737651,0.045151000597283,0.0980251231372755,0.312814429461323,0.234102961467084,0.01618626575522,0.0143507387157176,0.0675322336973341,0.0728901213880289,0.0427549463240758,0.0217311549752222,0.00522777907831055,0.0464522830210996,0.202368130818582,0.0921315799438277,0.0687193754409908,0.0132738282738513
"9","12pm","spring","como",0.00591447654438325,0.0188241410695048,0.0009866198174656,0.0163231071987195,0.013723517676295,0.0115083983075863,0.0110680852045325,1.06974622533096,0.00348147480064315,0.0455991101608706,0.00989330591968036,0.00945946399219254,0.0481057919983091,0.00927757631047566,0.031517195672349,0.00131396211019746,0.758318135937691,0.00975854959198657,0.0887705832176917,0.0196000248806017,0.00593036232594592,0.0346819611042582,0.155530604687223,0.0341413602089991,0.011652599733816,0.0504854454833203,0.099830785988971,0.0351278972963959,0.011439669229422,0.00637204090531048,0.01190964358643,0.0450846476479835,0.129568707303469,0.163968758764547,0.00827798440005079
"10","12pm","spring","forest",0.00112376632095181,0.0381224877570747,0.00769186475472163,0.0827128400608956,0.0574575902831983,0.00391018214090904,0.00470230452601969,0.348476940344189,0.00399276518528455,0.533077844479295,0.0445631078400957,0.0138296820803047,0.0362163591695548,0.0146036724093425,0.0204589503110151,0.00691707423537136,0.0395691076429675,0.0215093473308308,0.172969172227065,0.0531392049128313,0.0286354509034471,0.172946901021321,0.917702715982295,0.0122894826033075,0.0147190429333366,0.0453799052292971,0.333774480629322,0.0981172024991618,0.0366590623230008,0.0403889745944762,0.0280443913254791,0.022924454805376,1.25777833885304,0.0188513670150657,0.0483793845560702
"11","12pm","summer","como",0.00228049558556869,0.0945188879350258,0.0356731440492598,0.0492103033350086,0.0233352328193448,0.00756882138648779,0.0139663981829726,0.456552732078614,0.0174207328253308,0.302531626116056,0.0281259589508232,0.0167764200584476,0.0342126082074297,0.0249411211396988,0.0314107379939005,0.00849196926479365,0.0337530086678042,0.0354456370865571,0.131407908349795,0.0169411575012412,0.0178707024991981,0.152930856375257,0.382232716391112,0.0388140261927053,0.00626932522380081,0.0654671320038828,0.0853592093980656,0.0446792888903292,0.023715224278203,0.0321182451944326,0.0547919793188193,0.122574487090345,0.330038047927794,0.0133433431937975,0.0040447264975951
"12","12pm","summer","forest",0.000947635878476827,0.0500135599198244,0.00121933783893167,0.0197027322821375,0.0105577053264722,0.0137339976196333,0.00461610881502745,0.506731172997044,0.00477870093997616,0.0281734851587162,0.00477503550405349,0.0148801690681896,0.0459237671010954,0.00371534288176389,0.0527070722587641,0.00413495608941995,0.850173181181879,0.0181078803830678,0.0782386903346935,0.159638527132779,0.00721701581820978,0.0363347579583496,0.155048614395044,0.0599801542072996,0.00397241096584903,0.0489707749894042,0.12788219171667,0.0444591180011432,0.00752721360013654,0.0106847628203441,0.0116610539982501,0.0836828722035382,0.106471160002391,0.0112867299755196,0.0361766240669893
"13","6pm","fall","como",0.00172238079362563,0.0357658293353809,0.0471653366490627,0.389409392405778,0.0452948623834387,0.0047409448695049,0.00714324752975147,0.0784653469481012,0.132228549543721,6.58323776011196,0.10907606431768,0.0104616533907429,0.0904604401854131,0.0348193458250991,0.0795239289985626,0.0050733914017401,0.0276121611771109,0.0817134753630674,0.00106448035052658,0.119307859025877,0.0477866035250957,1.4163097147909,0.423021942734161,0.00940004724187107,0.0279638162694791,0.10493759191473,0.0306325621847373,0.055816844723539,1.18911324045922,0.0184231711301466,0.184029055888136,0.420337189463875,0.143670663280828,0.0335574154227981,0.00341735481850344
"14","6pm","fall","forest",0.00133546137981397,0.0274573835260699,0.0662089895058518,0.230489095200764,0.0264954471518604,0.0265227755157326,0.019467890550013,0.409631017804685,0.0713645509170245,1.8326577744521,0.0863017000695751,0.0264709888790781,0.0885186167735064,0.102858178167943,0.117987740356675,0.010179897143056,0.960489108586598,0.044500963078626,0.00154853310946294,0.188749372426993,0.0260880789841129,0.500284518251212,0.0884937972099079,0.102569965791117,0.0120720756274475,0.117399308158799,0.0842802916538039,0.043378581840621,0.472065185138692,0.0090988481850283,0.100707958959428,0.262859186931831,0.0760418848594115,0.0198246065846322,0.00559454915557675
"15","6pm","spring","como",0.000830251881182356,0.0306508241516352,0.00148486616921975,0.0870538686968604,0.0105231342881641,0.0054681704500345,0.026877404301882,0.52251866179509,0.0137914792334571,0.0328839601494564,0.0233484688399055,0.018242005560876,0.034558661326399,0.0123371574128563,0.022959391609927,0.00394805246636977,0.0369042632621577,0.019359329571429,0.175873248489623,0.0594102283949895,0.00428371812278364,0.0605899843750205,0.414662455989109,0.0202604265896631,0.0133381839351001,0.0508967040353473,0.87960142132297,0.0867234868845565,0.0123947523669381,0.0170164397186376,0.0302569841186977,0.0435241339469625,0.431078674239563,0.00863094487118596,0.00720439292735216
"16","6pm","spring","forest",0.00143895402324131,0.0751930199393671,0.0037884681707243,0.0413450772996123,0.0172594687293071,0.014606763235753,0.00529313296665376,0.781995419362676,0.0072691604503332,0.0317586791712557,0.0154760878551652,0.0207187324383278,0.0454358748684566,0.0105308894380882,0.0299590769540452,0.00218449066379055,0.056928928995441,0.0183112926875962,0.244474979629379,0.245906796877044,0.0356400658287768,0.0942619832765438,0.675973559279324,0.0320708866801283,0.00645932661736035,0.0715970278767277,0.867845911751864,0.0567161133637636,0.0106269599804026,0.0170007655322789,0.0155666793631332,0.0529591302523793,0.429406129701954,0.0196718139408708,0.0621854800841185
"17","6pm","summer","como",0.000827013662883084,0.0353494184359222,0.00743498936914335,0.0249224513862639,0.0232246505216003,0.0201014685159383,0.0173571614433618,0.873425551753403,0.00455580150846656,0.260753173069628,0.0180518336907772,0.32739583718393,0.0652873599927498,0.00400053282006752,0.108286509333961,0.00228194574093919,2.47374019063746,0.0262667612963356,0.102297504134479,0.474219450777141,0.183218502524243,0.0561434014394911,0.22852537445251,0.121640837743936,0.0123392640014078,1.20286015874484,0.174163997539037,0.0252721132451658,0.0161565509184947,0.0117874356986874,2.22993416205604,0.0814786328726044,0.122811168248664,0.123128392739316,0.0130019676174786
"18","6pm","summer","forest",0.00328950708954755,2.9429365359827,0.0419911882869307,0.131061990195982,0.0183007577957945,0.0326691210037974,0.00918938038873061,0.956770412638643,0.021030790279499,1.36322640758311,0.031082148633065,0.0282310081456606,0.0785063507289889,0.0235964789223981,0.0937321073516382,0.0306759407518254,1.32261731041774,0.0480215212893221,0.286961713808558,0.350740347685998,0.0224978976410353,0.308555680461307,1.34788752610665,0.41447778382718,0.0140189382000582,0.0947323230461071,0.160421931011468,0.131477962711839,0.352062870062979,0.0173708198491872,0.0366347758602734,0.263827345461014,0.531607483659046,0.0260493648785866,0.0181048361306441
