"","pump","season","alpha_copaene","alpha_humulene","alpha_phellandrene","alpha_pinene","alpha_terpinene","alpha_terpineol","beta_caryophyllene","beta_farnesene","beta_myrcene","beta_phellandrene","beta_pinene","borneol","bornyl_acetate","camphene","camphor","cis_three_hexen_one_ol","citronellol","eucalyptol","eugenol","fenchone","gamma_terpinene","limonene","linalool","linalool_oxide","longifolene","menthol","methyl_jasmonate","methyl_salicylate","ocimene","one_four_cineole","p_cymene","sabinene","terpinen_four_ol","terpinolene","trimethyl_trideca"
"1","p3","fall",0.00160772654591748,0.025790558282838,0.00402308627930584,0.0650920382030689,0.0135564409717056,0.00456307896768506,0.0114731649981122,0.426704056481902,0.0167433969378359,0.246846891869363,0.0186386579522045,0.00887808495636982,0.0377982675659267,0.0212118539926504,0.0536512047426741,0.00285207151371481,0.439505500766693,0.0396220847011743,0.00186927756749092,0.0241080476706999,0.00982344534197351,0.108117383144977,0.0468926989904094,0.0214391349336242,0.0118994429129699,0.0241174412209924,0.0513577935552755,0.0318690068803461,0.0116409919122225,0.0124855549220331,0.0292102036792967,0.114420773972219,0.052560927678999,0.0691706994550586,0.00556314282052987
"2","p3","spring",0.00148818849263012,0.0162241916048067,0.00310662996773906,0.0348870486450578,0.0307948895221797,0.00762676820853259,0.003145722491516,0.758492707940992,0.0149294714751392,0.237751808803795,0.0203929418923054,0.0245543096309292,0.0451174360868119,0.00400451369825159,0.0364837668712016,0.00289759626256295,0.0449135772132364,0.0136219602826285,0.241395711169482,0.0392454005298382,0.0703869302623187,0.146847647730214,0.295098317049069,0.0151520394516601,0.00903973354566759,0.0745819254204773,0.14160589130608,0.0612939252796316,0.0212583323522189,0.0207581754374307,0.0320460861849561,0.0863567058143256,0.349339560817419,0.0157578287801854,0.024661457517279
"3","p3","summer",0.0023958450538844,2.91934651100579,0.0353598266336882,0.115001023847813,0.0259284801754629,0.0164153453432081,0.00484466756637595,0.794712128163316,0.0198068958034676,1.52975533875054,0.029300147833332,0.0251230676649058,0.0724863984910178,0.0231894918347571,0.0659023556397765,0.024840433204009,0.112405546570154,0.0275348992419684,0.230573269233871,0.245893405389995,0.021599729424981,0.331526706246987,1.44022389905423,0.0436140364558779,0.0154074399263775,0.0641642809259961,0.170223671688819,0.111730077752633,0.349803457183379,0.023019706917256,0.0396308205114944,0.250829388833457,0.768065773431479,0.0264050928137587,0.00872990456024278
"4","p4","fall",0.00146914556291298,0.0218467274208092,0.094302825026063,0.22434099882349,0.0253217794492579,0.0144076920933269,0.0147128191292668,0.395418509987483,0.0718242152010811,2.72770230476701,0.0985908738127576,0.0196519997110461,0.0720725760122436,0.0439827631129259,0.0745759895710553,0.0113408186736213,0.0358514246462407,0.0567927885628139,0.001867229479237,0.0803049629074014,0.102376582163217,0.558514524254354,0.256094001856313,0.0534844647543462,0.0141440961076208,0.0947437249486503,0.0663227545167658,0.0425677891229327,0.475035808884856,0.00988503159106398,0.115443857160189,0.227028761961906,0.112935026841002,0.0200375358345197,0.00978982270796599
"5","p4","spring",0.000910981475435752,0.0501796025657368,0.00671235131270859,0.0512072213987366,0.0382580201770557,0.0163984256949593,0.00725317362259742,0.807228864754622,0.0101850424870794,0.049867247600698,0.0254668598271049,0.0233808889164328,0.0668531910722137,0.00984836618702824,0.0479664961307087,0.00279448930007462,0.0739737507829334,0.0251224076791274,0.312630788055283,0.0469475351685254,0.00950052862508013,0.111748788544784,1.07492052005926,0.0496865424185226,0.00942851778823599,0.0911148410713229,0.449477088636076,0.0628927064450537,0.0270174484920806,0.0227546984577552,0.0175776364884012,0.0349856481186496,0.775471955093692,0.0226814862204689,0.0475525729648901
"6","p4","summer",0.00101446157247186,0.0373978402205862,0.00122163160814561,0.0351266563592846,0.00573670379157655,0.0083278555962478,0.00553819624094969,0.46843650831208,0.00168299423395224,0.0557758933997676,0.00619631045228548,0.0165027045080221,0.0547273401235865,0.00525304680714071,0.0270813909995272,0.00835212947830807,0.518467871653627,0.0181007624774797,0.0794470959908063,0.129561163062649,0.00401501034023595,0.0640211924901355,0.31833518843385,0.366646923935018,0.00256737509834791,0.0442607835887971,0.0534264665195515,0.0534059685534973,0.0122177735735182,0.0143798612453273,0.0127459040825534,0.0554707563494141,0.336621167106752,0.00913991415748553,0.0130342608329083
"7","p5","fall",0.000940100878768774,0.0226276517657004,0.277620515492563,0.155587648591459,0.0397267071358233,0.0207670025363128,0.0245641225662549,0.479165058996254,0.0761271980358607,2.5636526685621,0.0911053108490428,0.0285954403312733,0.0845922748561472,0.107040320279614,0.120856489094838,0.00595542907306623,0.672021848178982,0.0464228468073798,0.00473523069727087,0.19776604401176,0.0357411633975447,0.591302686443563,0.303286969403245,0.0523738008953422,0.0185482144677111,0.133431783397291,0.0873383877719847,0.0516318624344702,0.0379221665227379,0.016738962060242,0.180405332009412,0.337522385288448,0.073851024253753,0.0353937702327546,0.0100528381637542
"8","p5","spring",0.00125902290030039,0.122440132613794,0.00714119149891448,0.186987820193357,0.0170137716786448,0.0205463795502893,0.00985279150065203,0.919240878550665,0.0194190044001533,0.440539252080988,0.0787734142922653,0.26331511577196,0.0955356155315376,0.0252001594503742,0.0632324155482801,0.00846222280004988,0.1380447882386,0.0216041188714625,0.443087285702679,0.331406849117686,0.0425300452333253,0.141338488799408,0.978753863488913,0.0736919030273669,0.0134818382667874,1.09245445141764,1.46724708119413,0.142351162457526,0.018572412666398,0.0381935750562412,0.0436129163027333,0.135412633761489,0.91233106578945,0.016729993315407,0.0622051975857214
"9","p5","summer",0.00218601492604313,0.0756539822958551,0.00824039675806187,0.0275768225908516,0.00399614532511827,0.0258137137498767,0.00721876345737748,0.425436392119535,0.00598100690948085,0.0365568749198111,0.00690441536809454,0.0163534743272594,0.0349145138677862,0.00308946054587908,0.0673314951781192,0.00370192044191775,1.58870435459202,0.0244008408915228,0.102847339576453,0.262393950260079,0.0078602675968302,0.0407536484041702,0.159069766036288,0.0821012064730815,0.00438603113108869,0.0779613768915503,0.157127001405542,0.0568525604056963,0.0118379037345798,0.0131927200005289,0.0138357286825097,0.0835828390239643,0.114355744636258,0.00718677376160963,0.0367654792783573
